{"coverage": 33.2220367278798, "raw_data": {"meta": {"format": 2, "version": "7.4.3", "timestamp": "2024-07-16T18:00:22.295470", "branch_coverage": false, "show_contexts": false}, "files": {"mazevo_r25/__init__.py": {"executed_lines": [1, 2, 4, 6], "summary": {"covered_lines": 4, "num_statements": 4, "percent_covered": 100.0, "percent_covered_display": "100", "missing_lines": 0, "excluded_lines": 0}, "missing_lines": [], "excluded_lines": []}, "mazevo_r25/admin.py": {"executed_lines": [1, 2, 4, 7, 8, 33, 34, 35, 38, 41, 42, 72, 73, 80, 83], "summary": {"covered_lines": 15, "num_statements": 43, "percent_covered": 34.883720930232556, "percent_covered_display": "35", "missing_lines": 28, "excluded_lines": 0}, "missing_lines": [9, 11, 12, 13, 14, 18, 19, 20, 22, 23, 24, 25, 29, 30, 43, 45, 46, 47, 48, 52, 53, 54, 56, 57, 58, 59, 68, 69], "excluded_lines": []}, "mazevo_r25/management/__init__.py": {"executed_lines": [1], "summary": {"covered_lines": 0, "num_statements": 0, "percent_covered": 100.0, "percent_covered_display": "100", "missing_lines": 0, "excluded_lines": 0}, "missing_lines": [], "excluded_lines": []}, "mazevo_r25/management/commands/__init__.py": {"executed_lines": [1], "summary": {"covered_lines": 0, "num_statements": 0, "percent_covered": 100.0, "percent_covered_display": "100", "missing_lines": 0, "excluded_lines": 0}, "missing_lines": [], "excluded_lines": []}, "mazevo_r25/management/commands/mazevo2r25.py": {"executed_lines": [], "summary": {"covered_lines": 0, "num_statements": 210, "percent_covered": 0.0, "percent_covered_display": "0", "missing_lines": 210, "excluded_lines": 0}, "missing_lines": [1, 2, 3, 4, 5, 6, 7, 9, 10, 11, 12, 13, 14, 15, 16, 17, 18, 20, 21, 28, 31, 34, 35, 37, 41, 42, 43, 44, 46, 47, 48, 49, 50, 51, 55, 56, 58, 59, 60, 62, 63, 68, 74, 83, 89, 95, 102, 109, 110, 112, 114, 115, 117, 118, 119, 120, 121, 123, 124, 125, 126, 127, 129, 130, 132, 133, 134, 136, 137, 138, 139, 140, 142, 143, 144, 145, 147, 148, 149, 150, 171, 172, 173, 180, 181, 186, 188, 189, 190, 191, 193, 194, 195, 197, 201, 202, 203, 205, 209, 214, 223, 224, 225, 231, 233, 234, 235, 236, 237, 238, 242, 246, 247, 248, 250, 252, 256, 258, 259, 260, 262, 266, 270, 271, 273, 277, 281, 283, 284, 285, 286, 288, 289, 291, 292, 293, 294, 295, 296, 297, 298, 302, 306, 308, 310, 311, 312, 315, 316, 317, 319, 320, 321, 323, 324, 325, 328, 330, 334, 335, 336, 337, 338, 340, 342, 343, 344, 345, 346, 347, 349, 353, 354, 355, 359, 360, 362, 363, 364, 365, 367, 368, 369, 370, 374, 378, 379, 380, 381, 382, 385, 388, 389, 390, 391, 394, 399, 403, 408, 410, 411, 415, 420, 421, 425, 430, 431, 435, 441, 442], "excluded_lines": []}, "mazevo_r25/migrations/0001_initial.py": {"executed_lines": [3, 6, 8, 10, 13], "summary": {"covered_lines": 5, "num_statements": 5, "percent_covered": 100.0, "percent_covered_display": "100", "missing_lines": 0, "excluded_lines": 0}, "missing_lines": [], "excluded_lines": []}, "mazevo_r25/migrations/0002_mazevostatusmap.py": {"executed_lines": [3, 6, 8, 12], "summary": {"covered_lines": 4, "num_statements": 4, "percent_covered": 100.0, "percent_covered_display": "100", "missing_lines": 0, "excluded_lines": 0}, "missing_lines": [], "excluded_lines": []}, "mazevo_r25/migrations/__init__.py": {"executed_lines": [1], "summary": {"covered_lines": 0, "num_statements": 0, "percent_covered": 100.0, "percent_covered_display": "100", "missing_lines": 0, "excluded_lines": 0}, "missing_lines": [], "excluded_lines": []}, "mazevo_r25/models.py": {"executed_lines": [1, 2, 3, 5, 8, 9, 13, 14, 20, 21, 24, 25, 26, 28, 29, 34, 35, 42, 43, 47, 48, 54, 55, 58, 59, 60, 61, 67, 68, 69, 71, 72, 77, 78], "summary": {"covered_lines": 32, "num_statements": 56, "percent_covered": 57.142857142857146, "percent_covered_display": "57", "missing_lines": 24, "excluded_lines": 0}, "missing_lines": [15, 16, 17, 18, 22, 30, 31, 32, 36, 37, 38, 39, 49, 50, 51, 52, 56, 73, 74, 75, 79, 80, 81, 82], "excluded_lines": []}, "mazevo_r25/more_r25.py": {"executed_lines": [1, 2, 3, 4, 6, 7, 8, 9, 10, 11, 14, 17, 24, 27, 28, 54, 61, 71, 72, 88, 96, 106, 107, 110, 118, 119, 122, 124, 125, 127, 130, 133, 134, 137, 140, 149, 158, 159, 162, 164, 169, 170, 173, 176, 177, 180, 181, 192, 193, 206, 209, 242, 255, 256, 261, 267, 269, 273, 276, 280, 283, 312, 336, 350, 352, 353, 354, 356, 357, 360, 361, 368, 369, 370, 371, 372, 373, 374, 375, 376, 377, 378, 380, 381, 386, 390, 449, 453, 455, 458, 473, 479, 480, 481, 484, 489, 490, 491, 492, 495, 499, 500, 501, 502, 505, 506, 507, 508, 509, 510, 513, 514, 515, 516], "summary": {"covered_lines": 112, "num_statements": 218, "percent_covered": 51.37614678899082, "percent_covered_display": "51", "missing_lines": 106, "excluded_lines": 0}, "missing_lines": [18, 55, 56, 57, 58, 59, 62, 89, 90, 91, 92, 93, 94, 97, 120, 126, 128, 135, 141, 142, 143, 144, 146, 160, 171, 178, 182, 183, 184, 185, 186, 187, 188, 189, 190, 194, 195, 196, 204, 217, 218, 219, 221, 223, 228, 229, 230, 232, 235, 236, 237, 239, 257, 259, 277, 278, 295, 297, 305, 306, 307, 309, 323, 325, 326, 329, 330, 331, 333, 364, 365, 366, 391, 393, 397, 398, 402, 403, 405, 406, 407, 409, 410, 411, 412, 413, 414, 415, 419, 420, 421, 422, 423, 425, 426, 430, 431, 433, 434, 436, 438, 450, 451, 466, 468, 470], "excluded_lines": []}, "mazevo_r25/tests/__init__.py": {"executed_lines": [1], "summary": {"covered_lines": 0, "num_statements": 0, "percent_covered": 100.0, "percent_covered_display": "100", "missing_lines": 0, "excluded_lines": 0}, "missing_lines": [], "excluded_lines": []}, "mazevo_r25/tests/test_more_r25.py": {"executed_lines": [1, 2, 4, 12, 14, 15, 16, 18, 19, 20, 21, 22, 23, 24, 25, 27, 28, 29, 31, 32, 34, 35, 36, 37, 38, 39, 40], "summary": {"covered_lines": 27, "num_statements": 27, "percent_covered": 100.0, "percent_covered_display": "100", "missing_lines": 0, "excluded_lines": 0}, "missing_lines": [], "excluded_lines": []}, "mazevo_r25/utils.py": {"executed_lines": [], "summary": {"covered_lines": 0, "num_statements": 32, "percent_covered": 0.0, "percent_covered_display": "0", "missing_lines": 32, "excluded_lines": 0}, "missing_lines": [1, 3, 4, 6, 7, 10, 13, 20, 21, 22, 23, 24, 25, 26, 27, 28, 29, 30, 31, 33, 36, 40, 41, 42, 43, 44, 46, 47, 48, 49, 50, 52], "excluded_lines": []}}, "totals": {"covered_lines": 199, "num_statements": 599, "percent_covered": 33.2220367278798, "percent_covered_display": "33", "missing_lines": 400, "excluded_lines": 0}}, "coverage_path": "."}