{"coverage": 21.416234887737478, "raw_data": {"meta": {"format": 2, "version": "7.4.3", "timestamp": "2024-04-26T00:57:33.564031", "branch_coverage": false, "show_contexts": false}, "files": {"mazevo_r25/__init__.py": {"executed_lines": [1, 2, 4, 6], "summary": {"covered_lines": 4, "num_statements": 4, "percent_covered": 100.0, "percent_covered_display": "100", "missing_lines": 0, "excluded_lines": 0}, "missing_lines": [], "excluded_lines": []}, "mazevo_r25/admin.py": {"executed_lines": [1, 2, 4, 7, 8, 33, 34, 35, 38, 41, 42, 72, 73, 80, 83], "summary": {"covered_lines": 15, "num_statements": 43, "percent_covered": 34.883720930232556, "percent_covered_display": "35", "missing_lines": 28, "excluded_lines": 0}, "missing_lines": [9, 11, 12, 13, 14, 18, 19, 20, 22, 23, 24, 25, 29, 30, 43, 45, 46, 47, 48, 52, 53, 54, 56, 57, 58, 59, 68, 69], "excluded_lines": []}, "mazevo_r25/management/__init__.py": {"executed_lines": [1], "summary": {"covered_lines": 0, "num_statements": 0, "percent_covered": 100.0, "percent_covered_display": "100", "missing_lines": 0, "excluded_lines": 0}, "missing_lines": [], "excluded_lines": []}, "mazevo_r25/management/commands/__init__.py": {"executed_lines": [1], "summary": {"covered_lines": 0, "num_statements": 0, "percent_covered": 100.0, "percent_covered_display": "100", "missing_lines": 0, "excluded_lines": 0}, "missing_lines": [], "excluded_lines": []}, "mazevo_r25/management/commands/mazevo2r25.py": {"executed_lines": [], "summary": {"covered_lines": 0, "num_statements": 207, "percent_covered": 0.0, "percent_covered_display": "0", "missing_lines": 207, "excluded_lines": 0}, "missing_lines": [1, 2, 3, 4, 5, 6, 7, 9, 10, 11, 12, 13, 14, 15, 16, 17, 18, 20, 21, 28, 31, 34, 35, 37, 41, 42, 43, 44, 46, 47, 48, 49, 50, 51, 55, 56, 58, 59, 60, 62, 63, 68, 74, 83, 89, 95, 102, 109, 110, 112, 114, 115, 117, 118, 119, 120, 121, 123, 124, 125, 126, 127, 129, 130, 132, 133, 134, 136, 137, 138, 139, 140, 142, 143, 144, 145, 146, 167, 168, 169, 176, 177, 182, 184, 185, 186, 187, 189, 190, 191, 193, 197, 198, 199, 201, 205, 210, 219, 220, 221, 227, 229, 230, 231, 232, 233, 234, 238, 242, 243, 244, 246, 248, 252, 254, 255, 256, 258, 262, 266, 267, 269, 273, 277, 279, 280, 281, 282, 284, 285, 287, 288, 289, 290, 291, 292, 293, 294, 298, 302, 304, 306, 307, 308, 311, 312, 313, 315, 316, 317, 319, 320, 321, 324, 326, 330, 331, 332, 333, 334, 336, 338, 339, 340, 341, 342, 343, 345, 349, 350, 351, 355, 356, 358, 359, 360, 361, 363, 364, 365, 366, 370, 374, 375, 376, 377, 378, 381, 384, 385, 386, 387, 390, 395, 399, 404, 406, 407, 411, 416, 417, 421, 426, 427, 431, 437, 438], "excluded_lines": []}, "mazevo_r25/migrations/0001_initial.py": {"executed_lines": [3, 6, 8, 10, 13], "summary": {"covered_lines": 5, "num_statements": 5, "percent_covered": 100.0, "percent_covered_display": "100", "missing_lines": 0, "excluded_lines": 0}, "missing_lines": [], "excluded_lines": []}, "mazevo_r25/migrations/0002_mazevostatusmap.py": {"executed_lines": [3, 6, 8, 12], "summary": {"covered_lines": 4, "num_statements": 4, "percent_covered": 100.0, "percent_covered_display": "100", "missing_lines": 0, "excluded_lines": 0}, "missing_lines": [], "excluded_lines": []}, "mazevo_r25/migrations/__init__.py": {"executed_lines": [1], "summary": {"covered_lines": 0, "num_statements": 0, "percent_covered": 100.0, "percent_covered_display": "100", "missing_lines": 0, "excluded_lines": 0}, "missing_lines": [], "excluded_lines": []}, "mazevo_r25/models.py": {"executed_lines": [1, 2, 3, 5, 8, 9, 13, 14, 20, 21, 24, 25, 26, 28, 29, 32, 33, 40, 41, 45, 46, 52, 53, 56, 57, 58, 59, 65, 66, 67, 69, 70, 73, 74], "summary": {"covered_lines": 32, "num_statements": 52, "percent_covered": 61.53846153846154, "percent_covered_display": "62", "missing_lines": 20, "excluded_lines": 0}, "missing_lines": [15, 16, 17, 18, 22, 30, 34, 35, 36, 37, 47, 48, 49, 50, 54, 71, 75, 76, 77, 78], "excluded_lines": []}, "mazevo_r25/more_r25.py": {"executed_lines": [1, 2, 3, 4, 6, 7, 8, 9, 10, 11, 14, 17, 24, 27, 28, 54, 61, 71, 72, 88, 96, 106, 107, 110, 140, 149, 209, 242, 283, 312, 336, 458, 473, 479, 480, 481, 484, 495, 499, 500, 501, 502, 505, 506, 507, 508, 509, 510, 513, 514, 515, 516], "summary": {"covered_lines": 50, "num_statements": 218, "percent_covered": 22.93577981651376, "percent_covered_display": "23", "missing_lines": 168, "excluded_lines": 0}, "missing_lines": [18, 55, 56, 57, 58, 59, 62, 89, 90, 91, 92, 93, 94, 97, 118, 119, 120, 122, 124, 125, 126, 127, 128, 130, 133, 134, 135, 137, 141, 142, 143, 144, 146, 158, 159, 160, 162, 164, 169, 170, 171, 173, 176, 177, 178, 180, 181, 182, 183, 184, 185, 186, 187, 188, 189, 190, 192, 193, 194, 195, 196, 204, 206, 217, 218, 219, 221, 223, 228, 229, 230, 232, 235, 236, 237, 239, 255, 256, 257, 259, 261, 267, 269, 273, 276, 277, 278, 280, 295, 297, 305, 306, 307, 309, 323, 325, 326, 329, 330, 331, 333, 350, 352, 353, 354, 356, 357, 360, 361, 364, 365, 366, 368, 369, 370, 371, 372, 373, 374, 375, 376, 377, 378, 380, 381, 386, 390, 391, 393, 397, 398, 402, 403, 405, 406, 407, 409, 410, 411, 412, 413, 414, 415, 419, 420, 421, 422, 423, 425, 426, 430, 431, 433, 434, 436, 438, 449, 450, 451, 453, 455, 466, 468, 470, 489, 490, 491, 492], "excluded_lines": []}, "mazevo_r25/tests/__init__.py": {"executed_lines": [1], "summary": {"covered_lines": 0, "num_statements": 0, "percent_covered": 100.0, "percent_covered_display": "100", "missing_lines": 0, "excluded_lines": 0}, "missing_lines": [], "excluded_lines": []}, "mazevo_r25/tests/test_more_r25.py": {"executed_lines": [1, 3, 6, 8, 9, 10, 12, 13, 14, 15, 16, 17, 18, 19], "summary": {"covered_lines": 14, "num_statements": 14, "percent_covered": 100.0, "percent_covered_display": "100", "missing_lines": 0, "excluded_lines": 0}, "missing_lines": [], "excluded_lines": []}, "mazevo_r25/utils.py": {"executed_lines": [], "summary": {"covered_lines": 0, "num_statements": 32, "percent_covered": 0.0, "percent_covered_display": "0", "missing_lines": 32, "excluded_lines": 0}, "missing_lines": [1, 3, 4, 6, 7, 10, 13, 20, 21, 22, 23, 24, 25, 26, 27, 28, 29, 30, 31, 32, 34, 37, 41, 42, 43, 44, 45, 47, 48, 49, 50, 52], "excluded_lines": []}}, "totals": {"covered_lines": 124, "num_statements": 579, "percent_covered": 21.416234887737478, "percent_covered_display": "21", "missing_lines": 455, "excluded_lines": 0}}, "coverage_path": "."}