{"coverage": 18.127490039840637, "raw_data": {"meta": {"format": 2, "version": "7.4.3", "timestamp": "2024-04-20T07:01:02.344044", "branch_coverage": false, "show_contexts": false}, "files": {"mazevo_r25/__init__.py": {"executed_lines": [1, 2, 4, 6], "summary": {"covered_lines": 4, "num_statements": 4, "percent_covered": 100.0, "percent_covered_display": "100", "missing_lines": 0, "excluded_lines": 0}, "missing_lines": [], "excluded_lines": []}, "mazevo_r25/admin.py": {"executed_lines": [1, 2, 4, 7, 8, 33, 34, 35, 38], "summary": {"covered_lines": 9, "num_statements": 23, "percent_covered": 39.130434782608695, "percent_covered_display": "39", "missing_lines": 14, "excluded_lines": 0}, "missing_lines": [9, 11, 12, 13, 14, 18, 19, 20, 22, 23, 24, 25, 29, 30], "excluded_lines": []}, "mazevo_r25/management/__init__.py": {"executed_lines": [1], "summary": {"covered_lines": 0, "num_statements": 0, "percent_covered": 100.0, "percent_covered_display": "100", "missing_lines": 0, "excluded_lines": 0}, "missing_lines": [], "excluded_lines": []}, "mazevo_r25/management/commands/__init__.py": {"executed_lines": [1], "summary": {"covered_lines": 0, "num_statements": 0, "percent_covered": 100.0, "percent_covered_display": "100", "missing_lines": 0, "excluded_lines": 0}, "missing_lines": [], "excluded_lines": []}, "mazevo_r25/management/commands/mazevo2r25.py": {"executed_lines": [], "summary": {"covered_lines": 0, "num_statements": 201, "percent_covered": 0.0, "percent_covered_display": "0", "missing_lines": 201, "excluded_lines": 0}, "missing_lines": [1, 2, 3, 4, 5, 6, 7, 9, 10, 11, 12, 13, 14, 15, 16, 17, 18, 19, 21, 28, 31, 34, 35, 37, 41, 42, 43, 44, 46, 47, 48, 49, 50, 51, 55, 56, 58, 59, 60, 62, 63, 68, 74, 83, 89, 95, 102, 109, 110, 112, 114, 115, 117, 118, 119, 120, 121, 123, 124, 125, 126, 127, 129, 130, 132, 133, 134, 135, 137, 138, 139, 140, 141, 142, 143, 144, 165, 166, 167, 174, 175, 180, 182, 183, 184, 185, 187, 189, 193, 194, 195, 197, 201, 210, 219, 220, 221, 227, 229, 230, 231, 232, 233, 234, 238, 242, 243, 244, 246, 248, 252, 254, 255, 256, 258, 262, 266, 267, 269, 273, 277, 279, 280, 281, 282, 284, 285, 287, 288, 289, 290, 291, 292, 293, 294, 295, 297, 299, 300, 301, 304, 305, 306, 308, 309, 310, 312, 313, 314, 317, 319, 323, 324, 325, 329, 331, 332, 333, 334, 335, 336, 338, 344, 345, 346, 350, 351, 353, 354, 355, 356, 358, 359, 360, 361, 365, 369, 370, 371, 372, 373, 376, 379, 380, 381, 382, 385, 390, 394, 399, 401, 402, 406, 411, 412, 416, 421, 422, 426, 432, 433], "excluded_lines": []}, "mazevo_r25/migrations/0001_initial.py": {"executed_lines": [3, 6, 8, 10, 13], "summary": {"covered_lines": 5, "num_statements": 5, "percent_covered": 100.0, "percent_covered_display": "100", "missing_lines": 0, "excluded_lines": 0}, "missing_lines": [], "excluded_lines": []}, "mazevo_r25/migrations/__init__.py": {"executed_lines": [1], "summary": {"covered_lines": 0, "num_statements": 0, "percent_covered": 100.0, "percent_covered_display": "100", "missing_lines": 0, "excluded_lines": 0}, "missing_lines": [], "excluded_lines": []}, "mazevo_r25/models.py": {"executed_lines": [1, 2, 3, 5, 8, 9, 13, 14, 20, 21, 24, 25, 26, 28, 29, 32, 33], "summary": {"covered_lines": 16, "num_statements": 26, "percent_covered": 61.53846153846154, "percent_covered_display": "62", "missing_lines": 10, "excluded_lines": 0}, "missing_lines": [15, 16, 17, 18, 22, 30, 34, 35, 36, 37], "excluded_lines": []}, "mazevo_r25/more_r25.py": {"executed_lines": [1, 2, 3, 4, 6, 7, 8, 9, 10, 11, 14, 17, 24, 27, 28, 54, 61, 71, 72, 88, 96, 106, 107, 110, 140, 149, 209, 242, 283, 312, 336, 460, 475, 486, 490, 491, 492, 493, 496, 497, 498, 499, 500, 501, 504, 505, 506, 507], "summary": {"covered_lines": 46, "num_statements": 213, "percent_covered": 21.5962441314554, "percent_covered_display": "22", "missing_lines": 167, "excluded_lines": 0}, "missing_lines": [18, 55, 56, 57, 58, 59, 62, 89, 90, 91, 92, 93, 94, 97, 118, 119, 120, 122, 124, 125, 126, 127, 128, 130, 133, 134, 135, 137, 141, 142, 143, 144, 146, 158, 159, 160, 162, 164, 169, 170, 171, 173, 176, 177, 178, 180, 181, 182, 183, 184, 185, 186, 187, 188, 189, 190, 192, 193, 194, 195, 196, 204, 206, 217, 218, 219, 221, 223, 228, 229, 230, 232, 235, 236, 237, 239, 255, 256, 257, 259, 261, 267, 269, 273, 276, 277, 278, 280, 295, 297, 305, 306, 307, 309, 323, 325, 326, 329, 330, 331, 333, 350, 352, 353, 354, 356, 357, 360, 362, 363, 368, 371, 372, 375, 376, 377, 379, 380, 381, 382, 383, 384, 385, 386, 387, 388, 392, 393, 395, 399, 400, 404, 405, 407, 408, 409, 411, 412, 413, 414, 415, 416, 417, 421, 422, 423, 424, 425, 427, 428, 432, 433, 435, 436, 438, 440, 451, 452, 453, 455, 457, 468, 470, 472, 481, 482, 483], "excluded_lines": []}, "mazevo_r25/tests/__init__.py": {"executed_lines": [1], "summary": {"covered_lines": 0, "num_statements": 0, "percent_covered": 100.0, "percent_covered_display": "100", "missing_lines": 0, "excluded_lines": 0}, "missing_lines": [], "excluded_lines": []}, "mazevo_r25/tests/test_more_r25.py": {"executed_lines": [1, 3, 6, 8, 9, 10, 11, 12, 13, 14, 15], "summary": {"covered_lines": 11, "num_statements": 11, "percent_covered": 100.0, "percent_covered_display": "100", "missing_lines": 0, "excluded_lines": 0}, "missing_lines": [], "excluded_lines": []}, "mazevo_r25/utils.py": {"executed_lines": [], "summary": {"covered_lines": 0, "num_statements": 19, "percent_covered": 0.0, "percent_covered_display": "0", "missing_lines": 19, "excluded_lines": 0}, "missing_lines": [1, 3, 4, 7, 10, 17, 18, 19, 20, 21, 22, 23, 24, 25, 26, 27, 28, 29, 31], "excluded_lines": []}}, "totals": {"covered_lines": 91, "num_statements": 502, "percent_covered": 18.127490039840637, "percent_covered_display": "18", "missing_lines": 411, "excluded_lines": 0}}, "coverage_path": "."}